[
{
    "model": "auth.user",
    "fields": {
        "password": "pbkdf2_sha256$36000$CY5qqzBblGL1$fsNDHcB+nc4CbpgL9btSqHNjLcWMySND9/DtkIi+s7k=",
        "last_login": "2019-09-14T15:00:11.372Z",
        "is_superuser": true,
        "username": "dia",
        "first_name": "",
        "last_name": "",
        "email": "dia@email.com",
        "is_staff": true,
        "is_active": true,
        "date_joined": "2019-08-27T02:20:02Z",
        "groups": [],
        "user_permissions": []
    }
},
{
    "model": "auth.user",
    "fields": {
        "password": "pbkdf2_sha256$36000$TGAhGE3zLfX5$MbkZcomwV5IsDh+Sa+d0pRTmBRPVRRxzJyyOQP9uRw0=",
        "last_login": null,
        "is_superuser": false,
        "username": "eda",
        "first_name": "",
        "last_name": "",
        "email": "",
        "is_staff": false,
        "is_active": true,
        "date_joined": "2019-08-27T02:42:54.420Z",
        "groups": [],
        "user_permissions": []
    }
},
{
    "model": "sessions.session",
    "pk": "78b4fk3lhdlexutzavqvygtrybbm8x4e",
    "fields": {
        "session_data": "YjAxNjFmZjgyM2ZiYzFlNjc5ODJjOWMxNTViZjg2MDBiY2ZhOGU2Yjp7Il9hdXRoX3VzZXJfaWQiOiIxIiwiX2F1dGhfdXNlcl9iYWNrZW5kIjoibWV6emFuaW5lLmNvcmUuYXV0aF9iYWNrZW5kcy5NZXp6YW5pbmVCYWNrZW5kIiwiX2F1dGhfdXNlcl9oYXNoIjoiZTVmNTEyZjRhNDFmMThlYThlMzVkZjQwMGMzY2Y5ZWRjNGQ0OGEyMSJ9",
        "expire_date": "2019-09-28T15:00:11.375Z"
    }
},
{
    "model": "sessions.session",
    "pk": "lbm2vu70hra5xddmd29kwyy5lxtozqy8",
    "fields": {
        "session_data": "YjAxNjFmZjgyM2ZiYzFlNjc5ODJjOWMxNTViZjg2MDBiY2ZhOGU2Yjp7Il9hdXRoX3VzZXJfaWQiOiIxIiwiX2F1dGhfdXNlcl9iYWNrZW5kIjoibWV6emFuaW5lLmNvcmUuYXV0aF9iYWNrZW5kcy5NZXp6YW5pbmVCYWNrZW5kIiwiX2F1dGhfdXNlcl9oYXNoIjoiZTVmNTEyZjRhNDFmMThlYThlMzVkZjQwMGMzY2Y5ZWRjNGQ0OGEyMSJ9",
        "expire_date": "2019-09-11T01:10:37.137Z"
    }
},
{
    "model": "sessions.session",
    "pk": "t2mt16wsy74jc271dwr1ooonnec3jowi",
    "fields": {
        "session_data": "YjAxNjFmZjgyM2ZiYzFlNjc5ODJjOWMxNTViZjg2MDBiY2ZhOGU2Yjp7Il9hdXRoX3VzZXJfaWQiOiIxIiwiX2F1dGhfdXNlcl9iYWNrZW5kIjoibWV6emFuaW5lLmNvcmUuYXV0aF9iYWNrZW5kcy5NZXp6YW5pbmVCYWNrZW5kIiwiX2F1dGhfdXNlcl9oYXNoIjoiZTVmNTEyZjRhNDFmMThlYThlMzVkZjQwMGMzY2Y5ZWRjNGQ0OGEyMSJ9",
        "expire_date": "2019-09-10T02:30:04.189Z"
    }
},
{
    "model": "sites.site",
    "fields": {
        "domain": "127.0.0.1:8000",
        "name": "Default"
    }
},
{
    "model": "sites.site",
    "fields": {
        "domain": "www.gorkemlitatlar.com",
        "name": "ottoman Cusine"
    }
},
{
    "model": "conf.setting",
    "pk": 1,
    "fields": {
        "site": [
            "127.0.0.1:8000"
        ],
        "name": "ADMIN_MENU_COLLAPSED",
        "value": "False"
    }
},
{
    "model": "conf.setting",
    "pk": 2,
    "fields": {
        "site": [
            "127.0.0.1:8000"
        ],
        "name": "AKISMET_API_KEY",
        "value": ""
    }
},
{
    "model": "conf.setting",
    "pk": 3,
    "fields": {
        "site": [
            "127.0.0.1:8000"
        ],
        "name": "BITLY_ACCESS_TOKEN",
        "value": ""
    }
},
{
    "model": "conf.setting",
    "pk": 4,
    "fields": {
        "site": [
            "127.0.0.1:8000"
        ],
        "name": "BLOG_POST_PER_PAGE",
        "value": "5"
    }
},
{
    "model": "conf.setting",
    "pk": 5,
    "fields": {
        "site": [
            "127.0.0.1:8000"
        ],
        "name": "COMMENTS_ACCOUNT_REQUIRED",
        "value": "False"
    }
},
{
    "model": "conf.setting",
    "pk": 6,
    "fields": {
        "site": [
            "127.0.0.1:8000"
        ],
        "name": "COMMENTS_DEFAULT_APPROVED",
        "value": "True"
    }
},
{
    "model": "conf.setting",
    "pk": 7,
    "fields": {
        "site": [
            "127.0.0.1:8000"
        ],
        "name": "COMMENTS_DISQUS_API_PUBLIC_KEY",
        "value": ""
    }
},
{
    "model": "conf.setting",
    "pk": 8,
    "fields": {
        "site": [
            "127.0.0.1:8000"
        ],
        "name": "COMMENTS_DISQUS_API_SECRET_KEY",
        "value": ""
    }
},
{
    "model": "conf.setting",
    "pk": 9,
    "fields": {
        "site": [
            "127.0.0.1:8000"
        ],
        "name": "COMMENTS_DISQUS_SHORTNAME",
        "value": ""
    }
},
{
    "model": "conf.setting",
    "pk": 10,
    "fields": {
        "site": [
            "127.0.0.1:8000"
        ],
        "name": "COMMENTS_NOTIFICATION_EMAILS",
        "value": ""
    }
},
{
    "model": "conf.setting",
    "pk": 11,
    "fields": {
        "site": [
            "127.0.0.1:8000"
        ],
        "name": "COMMENTS_NUM_LATEST",
        "value": "5"
    }
},
{
    "model": "conf.setting",
    "pk": 12,
    "fields": {
        "site": [
            "127.0.0.1:8000"
        ],
        "name": "COMMENTS_REMOVED_VISIBLE",
        "value": "True"
    }
},
{
    "model": "conf.setting",
    "pk": 13,
    "fields": {
        "site": [
            "127.0.0.1:8000"
        ],
        "name": "COMMENTS_UNAPPROVED_VISIBLE",
        "value": "True"
    }
},
{
    "model": "conf.setting",
    "pk": 14,
    "fields": {
        "site": [
            "127.0.0.1:8000"
        ],
        "name": "GOOGLE_ANALYTICS_ID",
        "value": ""
    }
},
{
    "model": "conf.setting",
    "pk": 15,
    "fields": {
        "site": [
            "127.0.0.1:8000"
        ],
        "name": "MAX_PAGING_LINKS",
        "value": "10"
    }
},
{
    "model": "conf.setting",
    "pk": 16,
    "fields": {
        "site": [
            "127.0.0.1:8000"
        ],
        "name": "RATINGS_ACCOUNT_REQUIRED",
        "value": "False"
    }
},
{
    "model": "conf.setting",
    "pk": 17,
    "fields": {
        "site": [
            "127.0.0.1:8000"
        ],
        "name": "RICHTEXT_FILTER_LEVEL",
        "value": "1"
    }
},
{
    "model": "conf.setting",
    "pk": 18,
    "fields": {
        "site": [
            "127.0.0.1:8000"
        ],
        "name": "SEARCH_PER_PAGE",
        "value": "10"
    }
},
{
    "model": "conf.setting",
    "pk": 19,
    "fields": {
        "site": [
            "127.0.0.1:8000"
        ],
        "name": "SITE_TAGLINE",
        "value": ""
    }
},
{
    "model": "conf.setting",
    "pk": 20,
    "fields": {
        "site": [
            "127.0.0.1:8000"
        ],
        "name": "SITE_TITLE",
        "value": "Ottoman Cusine"
    }
},
{
    "model": "conf.setting",
    "pk": 21,
    "fields": {
        "site": [
            "127.0.0.1:8000"
        ],
        "name": "TAG_CLOUD_SIZES",
        "value": "4"
    }
},
{
    "model": "conf.setting",
    "pk": 22,
    "fields": {
        "site": [
            "127.0.0.1:8000"
        ],
        "name": "TWITTER_ACCESS_TOKEN_KEY",
        "value": ""
    }
},
{
    "model": "conf.setting",
    "pk": 23,
    "fields": {
        "site": [
            "127.0.0.1:8000"
        ],
        "name": "TWITTER_ACCESS_TOKEN_SECRET",
        "value": ""
    }
},
{
    "model": "conf.setting",
    "pk": 24,
    "fields": {
        "site": [
            "127.0.0.1:8000"
        ],
        "name": "TWITTER_CONSUMER_KEY",
        "value": ""
    }
},
{
    "model": "conf.setting",
    "pk": 25,
    "fields": {
        "site": [
            "127.0.0.1:8000"
        ],
        "name": "TWITTER_CONSUMER_SECRET",
        "value": ""
    }
},
{
    "model": "conf.setting",
    "pk": 26,
    "fields": {
        "site": [
            "127.0.0.1:8000"
        ],
        "name": "TWITTER_DEFAULT_NUM_TWEETS",
        "value": "3"
    }
},
{
    "model": "conf.setting",
    "pk": 27,
    "fields": {
        "site": [
            "127.0.0.1:8000"
        ],
        "name": "TWITTER_DEFAULT_QUERY",
        "value": "from:stephen_mcd mezzanine"
    }
},
{
    "model": "conf.setting",
    "pk": 28,
    "fields": {
        "site": [
            "127.0.0.1:8000"
        ],
        "name": "TWITTER_DEFAULT_QUERY_TYPE",
        "value": "search"
    }
},
{
    "model": "core.sitepermission",
    "pk": 1,
    "fields": {
        "user": [
            "dia"
        ],
        "sites": [
            [
                "127.0.0.1:8000"
            ]
        ]
    }
},
{
    "model": "generic.rating",
    "pk": 1,
    "fields": {
        "value": 2,
        "rating_date": "2019-09-15T16:12:10.051Z",
        "content_type": [
            "blog",
            "blogpost"
        ],
        "object_pk": 6,
        "user": [
            "dia"
        ]
    }
},
{
    "model": "pages.page",
    "pk": 3,
    "fields": {
        "keywords_string": "",
        "site": [
            "127.0.0.1:8000"
        ],
        "title": "About",
        "slug": "about",
        "_meta_title": null,
        "description": "This is the About Page",
        "gen_description": true,
        "created": "2019-09-08T18:16:25.484Z",
        "updated": "2019-09-08T18:16:25.484Z",
        "status": 2,
        "publish_date": "2019-09-08T18:16:25.429Z",
        "expiry_date": null,
        "short_url": null,
        "in_sitemap": true,
        "_order": 0,
        "content_model": "richtextpage",
        "parent": null,
        "in_menus": "1,2,3",
        "titles": "About",
        "login_required": false
    }
},
{
    "model": "pages.page",
    "pk": 4,
    "fields": {
        "keywords_string": "",
        "site": [
            "127.0.0.1:8000"
        ],
        "title": "Contact",
        "slug": "contact",
        "_meta_title": null,
        "description": "Want to get in touch? Fill out the form below to send me a message and I will get back to you as soon as possible!",
        "gen_description": true,
        "created": "2019-09-14T15:10:39.963Z",
        "updated": "2019-09-15T15:34:03.640Z",
        "status": 2,
        "publish_date": "2019-09-14T15:07:34Z",
        "expiry_date": null,
        "short_url": null,
        "in_sitemap": true,
        "_order": 1,
        "content_model": "form",
        "parent": null,
        "in_menus": "1",
        "titles": "Contact",
        "login_required": false
    }
},
{
    "model": "pages.richtextpage",
    "pk": 3,
    "fields": {
        "content": "<p>This is the About Page</p>"
    }
},
{
    "model": "blog.blogpost",
    "pk": 3,
    "fields": {
        "retina": "",
        "comments_count": 0,
        "keywords_string": "",
        "rating_count": 0,
        "rating_sum": 0,
        "rating_average": 0.0,
        "site": [
            "127.0.0.1:8000"
        ],
        "title": "Thlkh;",
        "slug": "thlkh",
        "_meta_title": null,
        "description": "wefewfewfewfewf",
        "gen_description": true,
        "created": "2019-09-08T16:02:26.916Z",
        "updated": "2019-09-08T16:02:26.916Z",
        "status": 2,
        "publish_date": "2019-09-08T16:02:24Z",
        "expiry_date": null,
        "short_url": null,
        "in_sitemap": true,
        "content": "<p>wefewfewfewfewf</p>",
        "user": [
            "dia"
        ],
        "allow_comments": true,
        "featured_image": "",
        "categories": [],
        "related_posts": []
    }
},
{
    "model": "blog.blogpost",
    "pk": 4,
    "fields": {
        "retina": "",
        "comments_count": 0,
        "keywords_string": "",
        "rating_count": 0,
        "rating_sum": 0,
        "rating_average": 0.0,
        "site": [
            "127.0.0.1:8000"
        ],
        "title": "This i smy post",
        "slug": "this-i-smy-post",
        "_meta_title": null,
        "description": "Lorem ipsum dolor sit amet, consectetur adipiscing elit, sed do eiusmod tempor incididunt ut labore et dolore magna aliqua. Tellus rutrum tellus pellentesque eu tincidunt. Adipiscing elit pellentesque habitant morbi tristique. Cursus risus at ultrices mi tempus imperdiet nulla malesuada pellentesque. Sit amet luctus venenatis lectus magna fringilla urna. Malesuada fames ac turpis egestas integer. Sit amet est placerat in egestas erat imperdiet sed. Duis at consectetur lorem donec massa sapien faucibus. At volutpat diam ut venenatis tellus in metus. Ultrices vitae auctor eu augue ut lectus. Ut sem viverra aliquet eget sit. Dolor sed viverra ipsum nunc aliquet bibendum enim facilisis. Sed vulputate odio ut enim. Consequat mauris nunc congue nisi. Ante metus dictum at tempor. Phasellus faucibus scelerisque eleifend donec pretium vulputate. Sit amet venenatis urna cursus eget nunc scelerisque. Curabitur gravida arcu ac tortor dignissim convallis aenean et. Tincidunt id aliquet risus feugiat in. Viverra tellus in hac habitasse.",
        "gen_description": true,
        "created": "2019-09-15T15:41:14.336Z",
        "updated": "2019-09-15T15:41:14.336Z",
        "status": 2,
        "publish_date": "2019-09-15T15:38:28Z",
        "expiry_date": null,
        "short_url": null,
        "in_sitemap": true,
        "content": "<p>Lorem ipsum dolor sit amet, consectetur adipiscing elit, sed do eiusmod tempor incididunt ut labore et dolore magna aliqua. Tellus rutrum tellus pellentesque eu tincidunt. Adipiscing elit pellentesque habitant morbi tristique. Cursus risus at ultrices mi tempus imperdiet nulla malesuada pellentesque. Sit amet luctus venenatis lectus magna fringilla urna. Malesuada fames ac turpis egestas integer. Sit amet est placerat in egestas erat imperdiet sed. Duis at consectetur lorem donec massa sapien faucibus. At volutpat diam ut venenatis tellus in metus. Ultrices vitae auctor eu augue ut lectus. Ut sem viverra aliquet eget sit. Dolor sed viverra ipsum nunc aliquet bibendum enim facilisis. Sed vulputate odio ut enim. Consequat mauris nunc congue nisi. Ante metus dictum at tempor. Phasellus faucibus scelerisque eleifend donec pretium vulputate. Sit amet venenatis urna cursus eget nunc scelerisque. Curabitur gravida arcu ac tortor dignissim convallis aenean et. Tincidunt id aliquet risus feugiat in. Viverra tellus in hac habitasse.</p>\n<p>Sem nulla pharetra diam sit amet nisl. Consectetur lorem donec massa sapien faucibus et molestie ac. Tincidunt dui ut ornare lectus sit amet est. Libero justo laoreet sit amet cursus sit amet. Suspendisse interdum consectetur libero id faucibus nisl tincidunt eget nullam. Enim lobortis scelerisque fermentum dui faucibus in ornare quam viverra. Cras tincidunt lobortis feugiat vivamus at augue eget arcu dictum. Et netus et malesuada fames ac. Fermentum odio eu feugiat pretium nibh ipsum. Eget est lorem ipsum dolor sit amet. Quis varius quam quisque id. Suspendisse potenti nullam ac tortor vitae. Feugiat pretium nibh ipsum consequat nisl vel pretium lectus quam. Id venenatis a condimentum vitae sapien pellentesque habitant morbi.</p>\n<p>Pretium nibh ipsum consequat nisl vel pretium lectus. Dignissim convallis aenean et tortor at risus viverra adipiscing. Velit aliquet sagittis id consectetur purus ut faucibus pulvinar elementum. Orci nulla pellentesque dignissim enim sit amet. Senectus et netus et malesuada. Tellus integer feugiat scelerisque varius morbi enim nunc. Nibh ipsum consequat nisl vel pretium lectus. Lacus sed viverra tellus in. Et leo duis ut diam quam nulla porttitor massa id. Blandit massa enim nec dui nunc mattis enim ut. Tellus id interdum velit laoreet id donec ultrices tincidunt arcu. Mauris augue neque gravida in fermentum. In iaculis nunc sed augue. Amet consectetur adipiscing elit pellentesque habitant morbi tristique senectus. Facilisis volutpat est velit egestas dui. Euismod lacinia at quis risus sed. Mauris pellentesque pulvinar pellentesque habitant morbi tristique senectus et. Lectus quam id leo in vitae turpis massa.</p>\n<p>Odio facilisis mauris sit amet. Leo in vitae turpis massa sed elementum tempus egestas sed. Nec feugiat in fermentum posuere urna. Vel pharetra vel turpis nunc eget. Aliquet sagittis id consectetur purus ut faucibus. Iaculis nunc sed augue lacus viverra vitae congue eu. Massa sed elementum tempus egestas sed sed. Porta non pulvinar neque laoreet suspendisse interdum consectetur libero. Gravida dictum fusce ut placerat orci nulla pellentesque dignissim. Sapien et ligula ullamcorper malesuada proin. Mi quis hendrerit dolor magna eget est lorem ipsum. Eleifend quam adipiscing vitae proin sagittis nisl rhoncus mattis rhoncus. Odio pellentesque diam volutpat commodo sed egestas. Elementum eu facilisis sed odio. Tortor at auctor urna nunc id cursus metus aliquam.</p>\n<p>Nec nam aliquam sem et tortor consequat. Etiam non quam lacus suspendisse faucibus interdum posuere. Neque volutpat ac tincidunt vitae semper quis lectus nulla. Mauris pellentesque pulvinar pellentesque habitant morbi tristique senectus et netus. Nibh venenatis cras sed felis eget. Leo a diam sollicitudin tempor id eu nisl. Ut tellus elementum sagittis vitae et leo duis. Neque ornare aenean euismod elementum nisi quis eleifend. Netus et malesuada fames ac turpis egestas. At erat pellentesque adipiscing commodo elit. Enim ut sem viverra aliquet eget sit amet tellus. Nunc pulvinar sapien et ligula ullamcorper malesuada proin libero nunc. Eu mi bibendum neque egestas congue. Duis at consectetur lorem donec massa sapien faucibus et molestie. Etiam tempor orci eu lobortis elementum.</p>",
        "user": [
            "dia"
        ],
        "allow_comments": true,
        "featured_image": "",
        "categories": [],
        "related_posts": []
    }
},
{
    "model": "blog.blogpost",
    "pk": 5,
    "fields": {
        "retina": "",
        "comments_count": 0,
        "keywords_string": "",
        "rating_count": 0,
        "rating_sum": 0,
        "rating_average": 0.0,
        "site": [
            "127.0.0.1:8000"
        ],
        "title": "this is my 4",
        "slug": "this-is-my-4",
        "_meta_title": null,
        "description": "Lorem ipsum dolor sit amet, consectetur adipiscing elit, sed do eiusmod tempor incididunt ut labore et dolore magna aliqua. Tellus rutrum tellus pellentesque eu tincidunt. Adipiscing elit pellentesque habitant morbi tristique. Cursus risus at ultrices mi tempus imperdiet nulla malesuada pellentesque. Sit amet luctus venenatis lectus magna fringilla urna. Malesuada fames ac turpis egestas integer. Sit amet est placerat in egestas erat imperdiet sed. Duis at consectetur lorem donec massa sapien faucibus. At volutpat diam ut venenatis tellus in metus. Ultrices vitae auctor eu augue ut lectus. Ut sem viverra aliquet eget sit. Dolor sed viverra ipsum nunc aliquet bibendum enim facilisis. Sed vulputate odio ut enim. Consequat mauris nunc congue nisi. Ante metus dictum at tempor. Phasellus faucibus scelerisque eleifend donec pretium vulputate. Sit amet venenatis urna cursus eget nunc scelerisque. Curabitur gravida arcu ac tortor dignissim convallis aenean et. Tincidunt id aliquet risus feugiat in. Viverra tellus in hac habitasse.",
        "gen_description": true,
        "created": "2019-09-15T15:41:28.074Z",
        "updated": "2019-09-18T01:43:29.307Z",
        "status": 2,
        "publish_date": "2019-09-15T15:41:23Z",
        "expiry_date": null,
        "short_url": "unset",
        "in_sitemap": true,
        "content": "<p>Lorem ipsum dolor sit amet, consectetur adipiscing elit, sed do eiusmod tempor incididunt ut labore et dolore magna aliqua. Tellus rutrum tellus pellentesque eu tincidunt. Adipiscing elit pellentesque habitant morbi tristique. Cursus risus at ultrices mi tempus imperdiet nulla malesuada pellentesque. Sit amet luctus venenatis lectus magna fringilla urna. Malesuada fames ac turpis egestas integer. Sit amet est placerat in egestas erat imperdiet sed. Duis at consectetur lorem donec massa sapien faucibus. At volutpat diam ut venenatis tellus in metus. Ultrices vitae auctor eu augue ut lectus. Ut sem viverra aliquet eget sit. Dolor sed viverra ipsum nunc aliquet bibendum enim facilisis. Sed vulputate odio ut enim. Consequat mauris nunc congue nisi. Ante metus dictum at tempor. Phasellus faucibus scelerisque eleifend donec pretium vulputate. Sit amet venenatis urna cursus eget nunc scelerisque. Curabitur gravida arcu ac tortor dignissim convallis aenean et. Tincidunt id aliquet risus feugiat in. Viverra tellus in hac habitasse.</p>\n<p>Sem nulla pharetra diam sit amet nisl. Consectetur lorem donec massa sapien faucibus et molestie ac. Tincidunt dui ut ornare lectus sit amet est. Libero justo laoreet sit amet cursus sit amet. Suspendisse interdum consectetur libero id faucibus nisl tincidunt eget nullam. Enim lobortis scelerisque fermentum dui faucibus in ornare quam viverra. Cras tincidunt lobortis feugiat vivamus at augue eget arcu dictum. Et netus et malesuada fames ac. Fermentum odio eu feugiat pretium nibh ipsum. Eget est lorem ipsum dolor sit amet. Quis varius quam quisque id. Suspendisse potenti nullam ac tortor vitae. Feugiat pretium nibh ipsum consequat nisl vel pretium lectus quam. Id venenatis a condimentum vitae sapien pellentesque habitant morbi.</p>\n<p>Pretium nibh ipsum consequat nisl vel pretium lectus. Dignissim convallis aenean et tortor at risus viverra adipiscing. Velit aliquet sagittis id consectetur purus ut faucibus pulvinar elementum. Orci nulla pellentesque dignissim enim sit amet. Senectus et netus et malesuada. Tellus integer feugiat scelerisque varius morbi enim nunc. Nibh ipsum consequat nisl vel pretium lectus. Lacus sed viverra tellus in. Et leo duis ut diam quam nulla porttitor massa id. Blandit massa enim nec dui nunc mattis enim ut. Tellus id interdum velit laoreet id donec ultrices tincidunt arcu. Mauris augue neque gravida in fermentum. In iaculis nunc sed augue. Amet consectetur adipiscing elit pellentesque habitant morbi tristique senectus. Facilisis volutpat est velit egestas dui. Euismod lacinia at quis risus sed. Mauris pellentesque pulvinar pellentesque habitant morbi tristique senectus et. Lectus quam id leo in vitae turpis massa.</p>\n<p>Odio facilisis mauris sit amet. Leo in vitae turpis massa sed elementum tempus egestas sed. Nec feugiat in fermentum posuere urna. Vel pharetra vel turpis nunc eget. Aliquet sagittis id consectetur purus ut faucibus. Iaculis nunc sed augue lacus viverra vitae congue eu. Massa sed elementum tempus egestas sed sed. Porta non pulvinar neque laoreet suspendisse interdum consectetur libero. Gravida dictum fusce ut placerat orci nulla pellentesque dignissim. Sapien et ligula ullamcorper malesuada proin. Mi quis hendrerit dolor magna eget est lorem ipsum. Eleifend quam adipiscing vitae proin sagittis nisl rhoncus mattis rhoncus. Odio pellentesque diam volutpat commodo sed egestas. Elementum eu facilisis sed odio. Tortor at auctor urna nunc id cursus metus aliquam.</p>\n<p>Nec nam aliquam sem et tortor consequat. Etiam non quam lacus suspendisse faucibus interdum posuere. Neque volutpat ac tincidunt vitae semper quis lectus nulla. Mauris pellentesque pulvinar pellentesque habitant morbi tristique senectus et netus. Nibh venenatis cras sed felis eget. Leo a diam sollicitudin tempor id eu nisl. Ut tellus elementum sagittis vitae et leo duis. Neque ornare aenean euismod elementum nisi quis eleifend. Netus et malesuada fames ac turpis egestas. At erat pellentesque adipiscing commodo elit. Enim ut sem viverra aliquet eget sit amet tellus. Nunc pulvinar sapien et ligula ullamcorper malesuada proin libero nunc. Eu mi bibendum neque egestas congue. Duis at consectetur lorem donec massa sapien faucibus et molestie. Etiam tempor orci eu lobortis elementum.</p>",
        "user": [
            "dia"
        ],
        "allow_comments": true,
        "featured_image": "uploads/blog/lol.jpg",
        "categories": [],
        "related_posts": []
    }
},
{
    "model": "blog.blogpost",
    "pk": 6,
    "fields": {
        "retina": "",
        "comments_count": 0,
        "keywords_string": "",
        "rating_count": 1,
        "rating_sum": 2,
        "rating_average": 2.0,
        "site": [
            "127.0.0.1:8000"
        ],
        "title": "pist lan",
        "slug": "pist-lan",
        "_meta_title": null,
        "description": "This is Sparta",
        "gen_description": true,
        "created": "2019-09-15T15:42:07.732Z",
        "updated": "2019-09-21T01:47:24.747Z",
        "status": 2,
        "publish_date": "2019-09-15T15:42:03Z",
        "expiry_date": null,
        "short_url": "unset",
        "in_sitemap": true,
        "content": "<p>This is Sparta</p>\n<p>&nbsp;pellentesque habitant morbi tristique. Cursus risus at ultrices mi tempus imperdiet nulla malesuada pellentesque. Sit amet luctus venenatis lectus magna fringilla urna. Malesuada fames ac turpis egestas integer. Sit amet est placerat in egestas erat imperdiet sed. Duis at consectetur lorem donec massa sapien faucibus. At volutpat diam ut venenatis tellus in metus. Ultrices vitae auctor eu augue ut lectus. Ut sem viverra aliquet eget sit. Dolor sed viverra ipsum nunc aliquet bibendum enim facilisis. Sed vulputate odio ut enim. Consequat mauris nunc congue nisi. Ante metus dictum at tempor. Phasellus faucibus scelerisque eleifend donec pretium vulputate. Sit amet venenatis urna cursus eget nunc scelerisque. Curabitur gravida arcu ac tortor dignissim convallis aenean et. Tincidunt id aliquet risus feugiat in. Viverra tellus in hac habitasse.</p>\n<p>Sem nulla pharetra diam sit amet nisl. Consectetur lorem donec massa sapien faucibus et molestie ac. Tincidunt dui ut ornare lectus sit amet est. Libero justo laoreet sit amet cursus sit amet. Suspendisse interdum consectetur libero id faucibus nisl tincidunt eget nullam. Enim lobortis scelerisque fermentum dui faucibus in ornare quam viverra. Cras tincidunt lobortis feugiat vivamus at augue eget arcu dictum. Et netus et malesuada fames ac. Fermentum odio eu feugiat pretium nibh ipsum. Eget est lorem ipsum dolor sit amet. Quis varius quam quisque id. Suspendisse potenti nullam ac tortor vitae. Feugiat pretium nibh ipsum consequat nisl vel pretium lectus quam. Id venenatis a condimentum vitae sapien pellentesque habitant morbi.</p>\n<p>Pretium nibh ipsum consequat nisl vel pretium lectus. Dignissim convallis aenean et tortor at risus viverra adipiscing. Velit aliquet sagittis id consectetur purus ut faucibus pulvinar elementum. Orci nulla pellentesque dignissim enim sit amet. Senectus et netus et malesuada. Tellus integer feugiat scelerisque varius morbi enim nunc. Nibh ipsum consequat nisl vel pretium lectus. Lacus sed viverra tellus in. Et leo duis ut diam quam nulla porttitor massa id. Blandit massa enim nec dui nunc mattis enim ut. Tellus id interdum velit laoreet id donec ultrices tincidunt arcu. Mauris augue neque gravida in fermentum. In iaculis nunc sed augue. Amet consectetur adipiscing elit pellentesque habitant morbi tristique</p>\n<p></p>\n<p></p>\n<p>senectus. Facilisis volutpat est velit egestas dui. Euismod lacinia at quis risus sed. Mauris pellentesque pulvinar pellentesque habitant morbi tristique senectus et. Lectus quam id leo in vitae turpis massa.</p>\n<p>Odio facilisis mauris sit amet. Leo in vitae turpis massa sed elementum tempus egestas sed. Nec feugiat in fermentum posuere urna. Vel pharetra vel turpis nunc eget. Aliquet sagittis id consectetur purus ut faucibus. Iaculis nunc sed augue lacus viverra vitae congue eu. Massa sed elementum tempus egestas sed sed. Porta non pulvinar neque laoreet suspendisse interdum consectetur libero. Gravida dictum fusce ut placerat orci nulla pellentesque dignissim. Sapien et ligula ullamcorper malesuada proin. Mi quis hendrerit dolor magna eget est lorem ipsum. Eleifend quam adipiscing vitae proin sagittis nisl rhoncus mattis rhoncus. Odio pellentesque diam volutpat commodo sed egestas. Elementum eu facilisis sed odio. Tortor at auctor urna nunc id cursus metus aliquam.</p>\n<p>Nec nam aliquam sem et tortor consequat. Etiam non quam lacus suspendisse faucibus interdum posuere. Neque volutpat ac tincidunt vitae semper quis lectus nulla. Mauris pellentesque pulvinar pellentesque habitant morbi tristique senectus et netus. Nibh venenatis cras sed felis eget. Leo a diam sollicitudin tempor id eu nisl. Ut tellus elementum sagittis vitae et leo duis. Neque ornare aenean euismod elementum nisi quis eleifend. Netus et malesuada fames ac turpis egestas. At erat pellentesque adipiscing commodo elit. Enim ut sem viverra aliquet eget sit amet tellus. Nunc pulvinar sapien et ligula ullamcorper malesuada proin libero nunc. Eu mi bibendum neque egestas congue. Duis at consectetur lorem donec massa sapien faucibus et molestie. Etiam tempor orci eu lobortis elementum.</p>",
        "user": [
            "dia"
        ],
        "allow_comments": true,
        "featured_image": "uploads/blog/whatsapp_image_2019-05-16_at_8.57.02_am.jpeg",
        "categories": [],
        "related_posts": []
    }
},
{
    "model": "blog.blogpost",
    "pk": 7,
    "fields": {
        "retina": "uploads/blog/nature2x_LETuklw.jpg",
        "comments_count": 0,
        "keywords_string": "",
        "rating_count": 0,
        "rating_sum": 0,
        "rating_average": 0.0,
        "site": [
            "127.0.0.1:8000"
        ],
        "title": "Nature is great",
        "slug": "girls",
        "_meta_title": null,
        "description": "Where did you go on your last vacation? If you live in the city or the suburbs, there&rsquo;s a good chance that you spent it in a natural setting, perhaps at a national park, the beach or a cabin in the mountains.",
        "gen_description": true,
        "created": "2019-09-19T01:15:13.561Z",
        "updated": "2019-09-19T01:47:52.042Z",
        "status": 2,
        "publish_date": "2019-09-19T01:14:23Z",
        "expiry_date": null,
        "short_url": null,
        "in_sitemap": true,
        "content": "<p>Where did you go on your last vacation? If you live in the city or the suburbs, there&rsquo;s a good chance that you spent it in a natural setting, perhaps at a national park, the beach or a cabin in the mountains.</p>\n<p>Most of us have felt the inexplicable pull of the outdoors, even if it&rsquo;s simply prompting us to take a neighborhood walk or sit in the backyard watching the clouds or the squirrels. Nature holds a special kind of energy: it is pure and wild and spirit-renewing.</p>\n<p><span id=\"more-79858\"></span></p>\n<p>So why does being in nature feel so good? Is it the peace and quiet, the connection to the earth, the negative ions? Yes, it is all of these, but so much more. New research has found that being in nature actually boosts the immune system, which in turn, increases our mental and physical health.</p>\n<p>But first, let&rsquo;s rewind a bit. Over the last several years, researchers have overwhelmingly confirmed that being in nature is good for one&rsquo;s mental and physical health. The facts are startling: Simply spending time in parks, gardens and forests is linked to stronger mental and physical health. On the contrary, living in an area with little green space is tied to higher risk of disease, including<span>&nbsp;</span><a href=\"https://psychcentral.com/depression/\">depression</a><span>&nbsp;</span>and<span>&nbsp;</span><a href=\"https://psychcentral.com/anxiety/\">anxiety</a>, attention deficit/hyperactivity disorder (<a href=\"https://psychcentral.com/adhd/\">ADHD</a>), cancer, diabetes, and so much more.</p>\n<p>For a long time, however, the scientific connection between nature and good health remained somewhat of a mystery. In order to find the missing link, Ming Kuo, a researcher from the University of Illinois, conducted an analysis on every study she could find on the connection between nature and good health. The link was overwhelmingly clear: It&rsquo;s the immune system.</p>\n<p>In her research, Kuo found as many as 21 possible pathways between nature and good health and all but two of these could be linked to the immune system. She compares being in nature to taking a multivitamin that provides us with all the nutrients our bodies need to simultaneously protect us from all types of physical and mental ailments.</p>\n<p>So how does the immune system get a boost from nature? One way is that it switches the body into &ldquo;rest and digest&rdquo; mode &mdash; the opposite of &ldquo;fight or flight,&rdquo; a well-known immune system killer. When we feel content and safe &mdash; and not fixated on a problem &mdash; the body can invest more energy and resources toward the immune system, rather than wasting all of that precious energy on a work deadline, for example.</p>\n<p>Being outside also has inherent immune-boosting qualities such as vitamin D from sunlight, negative ions, phytoncides (healthy antimicrobial compounds derived from plants) and mycobacterium vaccae (good bacteria in the soil).</p>\n<p>So what does the immune system have to do with our mental health? The research in this area is overwhelming as well. Scientists from the University of Cambridge, for example, recently found that children who grow up with higher levels of proteins released in the blood during illness are nearly twice as likely to suffer from depression and<span>&nbsp;</span><a href=\"https://psychcentral.com/schizophrenia/schizophrenia-symptoms/\">psychosis</a><span>&nbsp;</span>as adults. Other studies, including those conducted on mice, have shown that depression is similar to an allergic reaction, occurring as a result of an over-reactive immune system. Rather than getting a runny nose, for instance, some people might experience depression.</p>\n<p>No matter whether you are an ocean person, a mountain person or just a backyard garden person, the important thing is that you spend ample time in nature. If you don&rsquo;t have access to a completely natural setting, simply get out for a walk, sit under a tree or put your bare feet on the ground. Bring live plants or a fish aquarium (also found to improve mental health) into your home. Connecting with nature is a basic human need that reaps enormous health benefits for both the body and the mind.</p>\n<p>Kuo&rsquo;s paper, &ldquo;How might contact with nature promote human health? Promising mechanisms and a possible central pathway&rdquo; is published in the journal<span>&nbsp;</span><a href=\"http://journal.frontiersin.org/article/10.3389/fpsyg.2015.01093/full\" target=\"_blank\"><i>Frontiers in Psychology</i></a>.</p>\n<p><span class=\"entry-content\"></span></p>",
        "user": [
            "dia"
        ],
        "allow_comments": true,
        "featured_image": "uploads/blog/nature2x.jpg",
        "categories": [],
        "related_posts": []
    }
},
{
    "model": "blog.blogcategory",
    "pk": 1,
    "fields": {
        "site": [
            "127.0.0.1:8000"
        ],
        "title": "Intro",
        "slug": "intro"
    }
},
{
    "model": "forms.form",
    "pk": 4,
    "fields": {
        "content": "<p><span>Want to get in touch? Fill out the form below to send me a message and I will get back to you as soon as possible!</span></p>",
        "button_text": "SEND",
        "response": "<p>Thank you for reaching out. We'll get back to you shortly!!</p>",
        "send_email": false,
        "email_from": "engineerdia@gmail.com",
        "email_copies": "engineerdia@gmail.com",
        "email_subject": "Support",
        "email_message": "New Submission. Here is the info......"
    }
},
{
    "model": "forms.field",
    "pk": 1,
    "fields": {
        "_order": 0,
        "label": "Name",
        "field_type": 1,
        "required": true,
        "visible": true,
        "choices": "",
        "default": "",
        "placeholder_text": "First Name",
        "help_text": "",
        "form": 4
    }
},
{
    "model": "forms.field",
    "pk": 2,
    "fields": {
        "_order": 1,
        "label": "Email",
        "field_type": 3,
        "required": true,
        "visible": true,
        "choices": "",
        "default": "",
        "placeholder_text": "Email",
        "help_text": "",
        "form": 4
    }
},
{
    "model": "forms.field",
    "pk": 3,
    "fields": {
        "_order": 2,
        "label": "Phone number",
        "field_type": 13,
        "required": false,
        "visible": true,
        "choices": "",
        "default": "",
        "placeholder_text": "Phone number",
        "help_text": "",
        "form": 4
    }
},
{
    "model": "forms.field",
    "pk": 4,
    "fields": {
        "_order": 3,
        "label": "Message",
        "field_type": 2,
        "required": true,
        "visible": true,
        "choices": "",
        "default": "",
        "placeholder_text": "Your Message",
        "help_text": "",
        "form": 4
    }
},
{
    "model": "forms.formentry",
    "pk": 1,
    "fields": {
        "form": 4,
        "entry_time": "2019-09-14T15:11:01.018Z"
    }
},
{
    "model": "forms.formentry",
    "pk": 2,
    "fields": {
        "form": 4,
        "entry_time": "2019-09-14T15:18:11.503Z"
    }
},
{
    "model": "forms.formentry",
    "pk": 3,
    "fields": {
        "form": 4,
        "entry_time": "2019-09-14T15:20:41.845Z"
    }
},
{
    "model": "forms.formentry",
    "pk": 4,
    "fields": {
        "form": 4,
        "entry_time": "2019-09-14T17:07:31.172Z"
    }
},
{
    "model": "forms.formentry",
    "pk": 5,
    "fields": {
        "form": 4,
        "entry_time": "2019-09-14T17:09:48.395Z"
    }
},
{
    "model": "forms.formentry",
    "pk": 6,
    "fields": {
        "form": 4,
        "entry_time": "2019-09-14T18:40:51.425Z"
    }
},
{
    "model": "forms.formentry",
    "pk": 7,
    "fields": {
        "form": 4,
        "entry_time": "2019-09-14T19:15:34.402Z"
    }
},
{
    "model": "forms.formentry",
    "pk": 8,
    "fields": {
        "form": 4,
        "entry_time": "2019-09-14T19:17:10.760Z"
    }
},
{
    "model": "forms.formentry",
    "pk": 9,
    "fields": {
        "form": 4,
        "entry_time": "2019-09-14T19:24:07.993Z"
    }
},
{
    "model": "forms.formentry",
    "pk": 10,
    "fields": {
        "form": 4,
        "entry_time": "2019-09-14T19:27:16.465Z"
    }
},
{
    "model": "forms.formentry",
    "pk": 11,
    "fields": {
        "form": 4,
        "entry_time": "2019-09-14T19:34:49.882Z"
    }
},
{
    "model": "forms.formentry",
    "pk": 12,
    "fields": {
        "form": 4,
        "entry_time": "2019-09-15T15:12:31.672Z"
    }
},
{
    "model": "forms.formentry",
    "pk": 13,
    "fields": {
        "form": 4,
        "entry_time": "2019-09-15T15:13:23.653Z"
    }
},
{
    "model": "forms.formentry",
    "pk": 14,
    "fields": {
        "form": 4,
        "entry_time": "2019-09-15T15:15:11.889Z"
    }
},
{
    "model": "forms.formentry",
    "pk": 15,
    "fields": {
        "form": 4,
        "entry_time": "2019-09-15T15:16:04.744Z"
    }
},
{
    "model": "forms.formentry",
    "pk": 16,
    "fields": {
        "form": 4,
        "entry_time": "2019-09-15T15:25:31.400Z"
    }
},
{
    "model": "forms.formentry",
    "pk": 17,
    "fields": {
        "form": 4,
        "entry_time": "2019-09-15T15:31:47.259Z"
    }
},
{
    "model": "forms.formentry",
    "pk": 18,
    "fields": {
        "form": 4,
        "entry_time": "2019-09-15T15:32:01.407Z"
    }
},
{
    "model": "forms.formentry",
    "pk": 19,
    "fields": {
        "form": 4,
        "entry_time": "2019-09-15T15:34:27.525Z"
    }
},
{
    "model": "forms.formentry",
    "pk": 20,
    "fields": {
        "form": 4,
        "entry_time": "2019-09-15T15:36:40.950Z"
    }
},
{
    "model": "forms.formentry",
    "pk": 21,
    "fields": {
        "form": 4,
        "entry_time": "2019-09-15T15:37:13.372Z"
    }
},
{
    "model": "forms.fieldentry",
    "pk": 1,
    "fields": {
        "entry": 1,
        "field_id": 1,
        "value": "dia"
    }
},
{
    "model": "forms.fieldentry",
    "pk": 2,
    "fields": {
        "entry": 1,
        "field_id": 2,
        "value": "engineerdia@gmail.com"
    }
},
{
    "model": "forms.fieldentry",
    "pk": 3,
    "fields": {
        "entry": 1,
        "field_id": 3,
        "value": "3137788550.0"
    }
},
{
    "model": "forms.fieldentry",
    "pk": 4,
    "fields": {
        "entry": 1,
        "field_id": 4,
        "value": "hey what's up"
    }
},
{
    "model": "forms.fieldentry",
    "pk": 5,
    "fields": {
        "entry": 2,
        "field_id": 1,
        "value": "dia"
    }
},
{
    "model": "forms.fieldentry",
    "pk": 6,
    "fields": {
        "entry": 2,
        "field_id": 2,
        "value": "engineerdia@gmail.com"
    }
},
{
    "model": "forms.fieldentry",
    "pk": 7,
    "fields": {
        "entry": 2,
        "field_id": 3,
        "value": "3137788550.0"
    }
},
{
    "model": "forms.fieldentry",
    "pk": 8,
    "fields": {
        "entry": 2,
        "field_id": 4,
        "value": "hey what's up"
    }
},
{
    "model": "forms.fieldentry",
    "pk": 9,
    "fields": {
        "entry": 3,
        "field_id": 1,
        "value": "dia"
    }
},
{
    "model": "forms.fieldentry",
    "pk": 10,
    "fields": {
        "entry": 3,
        "field_id": 2,
        "value": "engineerdia@gmail.com"
    }
},
{
    "model": "forms.fieldentry",
    "pk": 11,
    "fields": {
        "entry": 3,
        "field_id": 3,
        "value": "3137788550.0"
    }
},
{
    "model": "forms.fieldentry",
    "pk": 12,
    "fields": {
        "entry": 3,
        "field_id": 4,
        "value": "hey what's up my love"
    }
},
{
    "model": "forms.fieldentry",
    "pk": 13,
    "fields": {
        "entry": 4,
        "field_id": 1,
        "value": "Mohamad Dia Abdulkarim"
    }
},
{
    "model": "forms.fieldentry",
    "pk": 14,
    "fields": {
        "entry": 4,
        "field_id": 2,
        "value": "engineerdia@gmail.com"
    }
},
{
    "model": "forms.fieldentry",
    "pk": 15,
    "fields": {
        "entry": 4,
        "field_id": 3,
        "value": "3137788550.0"
    }
},
{
    "model": "forms.fieldentry",
    "pk": 16,
    "fields": {
        "entry": 4,
        "field_id": 4,
        "value": "gggdfg"
    }
},
{
    "model": "forms.fieldentry",
    "pk": 17,
    "fields": {
        "entry": 5,
        "field_id": 1,
        "value": "Mohamad Dia Abdulkarim"
    }
},
{
    "model": "forms.fieldentry",
    "pk": 18,
    "fields": {
        "entry": 5,
        "field_id": 2,
        "value": "engineerdia@gmail.com"
    }
},
{
    "model": "forms.fieldentry",
    "pk": 19,
    "fields": {
        "entry": 5,
        "field_id": 3,
        "value": "3137788550.0"
    }
},
{
    "model": "forms.fieldentry",
    "pk": 20,
    "fields": {
        "entry": 5,
        "field_id": 4,
        "value": "dwf"
    }
},
{
    "model": "forms.fieldentry",
    "pk": 21,
    "fields": {
        "entry": 6,
        "field_id": 1,
        "value": "Mohamad Dia Abdulkarim"
    }
},
{
    "model": "forms.fieldentry",
    "pk": 22,
    "fields": {
        "entry": 6,
        "field_id": 2,
        "value": "engineerdia@gmail.com"
    }
},
{
    "model": "forms.fieldentry",
    "pk": 23,
    "fields": {
        "entry": 6,
        "field_id": 3,
        "value": "3137788550.0"
    }
},
{
    "model": "forms.fieldentry",
    "pk": 24,
    "fields": {
        "entry": 6,
        "field_id": 4,
        "value": "hello from the otherside"
    }
},
{
    "model": "forms.fieldentry",
    "pk": 25,
    "fields": {
        "entry": 7,
        "field_id": 1,
        "value": "hello"
    }
},
{
    "model": "forms.fieldentry",
    "pk": 26,
    "fields": {
        "entry": 7,
        "field_id": 2,
        "value": "kocaibrahimoglueda@gmail.com"
    }
},
{
    "model": "forms.fieldentry",
    "pk": 27,
    "fields": {
        "entry": 7,
        "field_id": 3,
        "value": "3137788550.0"
    }
},
{
    "model": "forms.fieldentry",
    "pk": 28,
    "fields": {
        "entry": 7,
        "field_id": 4,
        "value": "This is a message to activate my account please"
    }
},
{
    "model": "forms.fieldentry",
    "pk": 29,
    "fields": {
        "entry": 8,
        "field_id": 1,
        "value": "Mohamad Dia Abdulkarim"
    }
},
{
    "model": "forms.fieldentry",
    "pk": 30,
    "fields": {
        "entry": 8,
        "field_id": 2,
        "value": "engineerdia@gmail.com"
    }
},
{
    "model": "forms.fieldentry",
    "pk": 31,
    "fields": {
        "entry": 8,
        "field_id": 3,
        "value": "3137788550.0"
    }
},
{
    "model": "forms.fieldentry",
    "pk": 32,
    "fields": {
        "entry": 8,
        "field_id": 4,
        "value": "wqretyruk"
    }
},
{
    "model": "forms.fieldentry",
    "pk": 33,
    "fields": {
        "entry": 9,
        "field_id": 1,
        "value": "Mohamad Dia Abdulkarim"
    }
},
{
    "model": "forms.fieldentry",
    "pk": 34,
    "fields": {
        "entry": 9,
        "field_id": 2,
        "value": "engineerdia@gmail.com"
    }
},
{
    "model": "forms.fieldentry",
    "pk": 35,
    "fields": {
        "entry": 9,
        "field_id": 3,
        "value": "3137788550.0"
    }
},
{
    "model": "forms.fieldentry",
    "pk": 36,
    "fields": {
        "entry": 9,
        "field_id": 4,
        "value": "dfgsgdsgdsgdsg"
    }
},
{
    "model": "forms.fieldentry",
    "pk": 37,
    "fields": {
        "entry": 10,
        "field_id": 1,
        "value": "Mohamad Dia Abdulkarim"
    }
},
{
    "model": "forms.fieldentry",
    "pk": 38,
    "fields": {
        "entry": 10,
        "field_id": 2,
        "value": "engineerdia@gmail.com"
    }
},
{
    "model": "forms.fieldentry",
    "pk": 39,
    "fields": {
        "entry": 10,
        "field_id": 3,
        "value": "3137788550.0"
    }
},
{
    "model": "forms.fieldentry",
    "pk": 40,
    "fields": {
        "entry": 10,
        "field_id": 4,
        "value": "ghgfjhkjl;"
    }
},
{
    "model": "forms.fieldentry",
    "pk": 41,
    "fields": {
        "entry": 11,
        "field_id": 1,
        "value": "Mohamad Dia Abdulkarim"
    }
},
{
    "model": "forms.fieldentry",
    "pk": 42,
    "fields": {
        "entry": 11,
        "field_id": 2,
        "value": "engineerdia@gmail.com"
    }
},
{
    "model": "forms.fieldentry",
    "pk": 43,
    "fields": {
        "entry": 11,
        "field_id": 3,
        "value": "3137788550.0"
    }
},
{
    "model": "forms.fieldentry",
    "pk": 44,
    "fields": {
        "entry": 11,
        "field_id": 4,
        "value": "qdfhgdfhdfhfdhgdfhdfhfdhdfhdf"
    }
},
{
    "model": "forms.fieldentry",
    "pk": 45,
    "fields": {
        "entry": 12,
        "field_id": 1,
        "value": "Eda Kocaibrahimoglu"
    }
},
{
    "model": "forms.fieldentry",
    "pk": 46,
    "fields": {
        "entry": 12,
        "field_id": 2,
        "value": "kocaibrahimoglueda@gmail.com"
    }
},
{
    "model": "forms.fieldentry",
    "pk": 47,
    "fields": {
        "entry": 12,
        "field_id": 3,
        "value": "3134152457.0"
    }
},
{
    "model": "forms.fieldentry",
    "pk": 48,
    "fields": {
        "entry": 12,
        "field_id": 4,
        "value": "this is another test"
    }
},
{
    "model": "forms.fieldentry",
    "pk": 49,
    "fields": {
        "entry": 13,
        "field_id": 1,
        "value": "Eda Kocaibrahimoglu"
    }
},
{
    "model": "forms.fieldentry",
    "pk": 50,
    "fields": {
        "entry": 13,
        "field_id": 2,
        "value": "kocaibrahimoglueda@gmail.com"
    }
},
{
    "model": "forms.fieldentry",
    "pk": 51,
    "fields": {
        "entry": 13,
        "field_id": 3,
        "value": "3137788550.0"
    }
},
{
    "model": "forms.fieldentry",
    "pk": 52,
    "fields": {
        "entry": 13,
        "field_id": 4,
        "value": "hello dear"
    }
},
{
    "model": "forms.fieldentry",
    "pk": 53,
    "fields": {
        "entry": 14,
        "field_id": 1,
        "value": "fhdgn"
    }
},
{
    "model": "forms.fieldentry",
    "pk": 54,
    "fields": {
        "entry": 14,
        "field_id": 2,
        "value": "engineerdia@gmail.com"
    }
},
{
    "model": "forms.fieldentry",
    "pk": 55,
    "fields": {
        "entry": 14,
        "field_id": 3,
        "value": "3137788550.0"
    }
},
{
    "model": "forms.fieldentry",
    "pk": 56,
    "fields": {
        "entry": 14,
        "field_id": 4,
        "value": "gfhhng"
    }
},
{
    "model": "forms.fieldentry",
    "pk": 57,
    "fields": {
        "entry": 15,
        "field_id": 1,
        "value": "fhdgn"
    }
},
{
    "model": "forms.fieldentry",
    "pk": 58,
    "fields": {
        "entry": 15,
        "field_id": 2,
        "value": "engineerdia@gmail.com"
    }
},
{
    "model": "forms.fieldentry",
    "pk": 59,
    "fields": {
        "entry": 15,
        "field_id": 3,
        "value": "3137788550.0"
    }
},
{
    "model": "forms.fieldentry",
    "pk": 60,
    "fields": {
        "entry": 15,
        "field_id": 4,
        "value": "gfhhng"
    }
},
{
    "model": "forms.fieldentry",
    "pk": 61,
    "fields": {
        "entry": 16,
        "field_id": 1,
        "value": "Mohamad Dia Abdulkarim"
    }
},
{
    "model": "forms.fieldentry",
    "pk": 62,
    "fields": {
        "entry": 16,
        "field_id": 2,
        "value": "engineerdia@gmail.com"
    }
},
{
    "model": "forms.fieldentry",
    "pk": 63,
    "fields": {
        "entry": 16,
        "field_id": 3,
        "value": "3137788550.0"
    }
},
{
    "model": "forms.fieldentry",
    "pk": 64,
    "fields": {
        "entry": 16,
        "field_id": 4,
        "value": "efwefwef"
    }
},
{
    "model": "forms.fieldentry",
    "pk": 65,
    "fields": {
        "entry": 17,
        "field_id": 1,
        "value": "Mohamad Dia Abdulkarim"
    }
},
{
    "model": "forms.fieldentry",
    "pk": 66,
    "fields": {
        "entry": 17,
        "field_id": 2,
        "value": "engineerdia@gmail.com"
    }
},
{
    "model": "forms.fieldentry",
    "pk": 67,
    "fields": {
        "entry": 17,
        "field_id": 3,
        "value": "3137788550.0"
    }
},
{
    "model": "forms.fieldentry",
    "pk": 68,
    "fields": {
        "entry": 17,
        "field_id": 4,
        "value": "efwefwef"
    }
},
{
    "model": "forms.fieldentry",
    "pk": 69,
    "fields": {
        "entry": 18,
        "field_id": 1,
        "value": "sfg"
    }
},
{
    "model": "forms.fieldentry",
    "pk": 70,
    "fields": {
        "entry": 18,
        "field_id": 2,
        "value": "mabdulk9@me.com"
    }
},
{
    "model": "forms.fieldentry",
    "pk": 71,
    "fields": {
        "entry": 18,
        "field_id": 3,
        "value": "3136781256.0"
    }
},
{
    "model": "forms.fieldentry",
    "pk": 72,
    "fields": {
        "entry": 18,
        "field_id": 4,
        "value": "ef"
    }
},
{
    "model": "forms.fieldentry",
    "pk": 73,
    "fields": {
        "entry": 19,
        "field_id": 1,
        "value": "fgd"
    }
},
{
    "model": "forms.fieldentry",
    "pk": 74,
    "fields": {
        "entry": 19,
        "field_id": 2,
        "value": "mr_omar_t@hotmail.com"
    }
},
{
    "model": "forms.fieldentry",
    "pk": 75,
    "fields": {
        "entry": 19,
        "field_id": 3,
        "value": "3137788550.0"
    }
},
{
    "model": "forms.fieldentry",
    "pk": 76,
    "fields": {
        "entry": 19,
        "field_id": 4,
        "value": "regregregreg"
    }
},
{
    "model": "forms.fieldentry",
    "pk": 77,
    "fields": {
        "entry": 20,
        "field_id": 1,
        "value": "Mohamad Dia Abdulkarim"
    }
},
{
    "model": "forms.fieldentry",
    "pk": 78,
    "fields": {
        "entry": 20,
        "field_id": 2,
        "value": "engineerdia@gmail.com"
    }
},
{
    "model": "forms.fieldentry",
    "pk": 79,
    "fields": {
        "entry": 20,
        "field_id": 3,
        "value": "3137788550.0"
    }
},
{
    "model": "forms.fieldentry",
    "pk": 80,
    "fields": {
        "entry": 20,
        "field_id": 4,
        "value": "wefef"
    }
},
{
    "model": "forms.fieldentry",
    "pk": 81,
    "fields": {
        "entry": 21,
        "field_id": 1,
        "value": "Work"
    }
},
{
    "model": "forms.fieldentry",
    "pk": 82,
    "fields": {
        "entry": 21,
        "field_id": 2,
        "value": "mabdulk9@me.com"
    }
},
{
    "model": "forms.fieldentry",
    "pk": 83,
    "fields": {
        "entry": 21,
        "field_id": 3,
        "value": "3136781256.0"
    }
},
{
    "model": "forms.fieldentry",
    "pk": 84,
    "fields": {
        "entry": 21,
        "field_id": 4,
        "value": "2ri"
    }
},
{
    "model": "twitter.query",
    "pk": 1,
    "fields": {
        "type": "search",
        "value": "from:stephen_mcd mezzanine",
        "interested": true
    }
},
{
    "model": "admin.logentry",
    "pk": 1,
    "fields": {
        "action_time": "2019-08-27T02:32:22.601Z",
        "user": [
            "dia"
        ],
        "content_type": [
            "blog",
            "blogpost"
        ],
        "object_id": "1",
        "object_repr": "Turkish Delight",
        "action_flag": 1,
        "change_message": "[{\"added\": {}}]"
    }
},
{
    "model": "admin.logentry",
    "pk": 2,
    "fields": {
        "action_time": "2019-08-27T02:42:54.450Z",
        "user": [
            "dia"
        ],
        "content_type": [
            "auth",
            "user"
        ],
        "object_id": "2",
        "object_repr": "eda",
        "action_flag": 1,
        "change_message": "[{\"added\": {}}]"
    }
},
{
    "model": "admin.logentry",
    "pk": 3,
    "fields": {
        "action_time": "2019-08-27T02:43:37.783Z",
        "user": [
            "dia"
        ],
        "content_type": [
            "sites",
            "site"
        ],
        "object_id": "2",
        "object_repr": "www.gorkemlitatlar.com",
        "action_flag": 1,
        "change_message": "[{\"added\": {}}]"
    }
},
{
    "model": "admin.logentry",
    "pk": 4,
    "fields": {
        "action_time": "2019-08-27T02:43:49.630Z",
        "user": [
            "dia"
        ],
        "content_type": [
            "auth",
            "user"
        ],
        "object_id": "1",
        "object_repr": "dia",
        "action_flag": 2,
        "change_message": "[{\"added\": {\"name\": \"Site permission\", \"object\": \"SitePermission object\"}}]"
    }
},
{
    "model": "admin.logentry",
    "pk": 5,
    "fields": {
        "action_time": "2019-08-27T23:25:04.049Z",
        "user": [
            "dia"
        ],
        "content_type": [
            "pages",
            "richtextpage"
        ],
        "object_id": "1",
        "object_repr": "About",
        "action_flag": 1,
        "change_message": "[{\"added\": {}}]"
    }
},
{
    "model": "admin.logentry",
    "pk": 6,
    "fields": {
        "action_time": "2019-08-27T23:26:05.074Z",
        "user": [
            "dia"
        ],
        "content_type": [
            "blog",
            "blogcategory"
        ],
        "object_id": "1",
        "object_repr": "Intro",
        "action_flag": 1,
        "change_message": "[{\"added\": {}}]"
    }
},
{
    "model": "admin.logentry",
    "pk": 7,
    "fields": {
        "action_time": "2019-08-27T23:26:40.549Z",
        "user": [
            "dia"
        ],
        "content_type": [
            "blog",
            "blogpost"
        ],
        "object_id": "2",
        "object_repr": "Hello World",
        "action_flag": 1,
        "change_message": "[{\"added\": {}}]"
    }
},
{
    "model": "admin.logentry",
    "pk": 8,
    "fields": {
        "action_time": "2019-08-28T01:10:56.223Z",
        "user": [
            "dia"
        ],
        "content_type": [
            "blog",
            "blogpost"
        ],
        "object_id": "2",
        "object_repr": "Hello World",
        "action_flag": 3,
        "change_message": ""
    }
},
{
    "model": "admin.logentry",
    "pk": 9,
    "fields": {
        "action_time": "2019-08-28T01:10:56.224Z",
        "user": [
            "dia"
        ],
        "content_type": [
            "blog",
            "blogpost"
        ],
        "object_id": "1",
        "object_repr": "Turkish Delight",
        "action_flag": 3,
        "change_message": ""
    }
},
{
    "model": "admin.logentry",
    "pk": 10,
    "fields": {
        "action_time": "2019-09-08T16:01:26.904Z",
        "user": [
            "dia"
        ],
        "content_type": [
            "pages",
            "page"
        ],
        "object_id": "1",
        "object_repr": "About",
        "action_flag": 3,
        "change_message": ""
    }
},
{
    "model": "admin.logentry",
    "pk": 11,
    "fields": {
        "action_time": "2019-09-08T16:02:26.924Z",
        "user": [
            "dia"
        ],
        "content_type": [
            "blog",
            "blogpost"
        ],
        "object_id": "3",
        "object_repr": "Thlkh;",
        "action_flag": 1,
        "change_message": "[{\"added\": {}}]"
    }
},
{
    "model": "admin.logentry",
    "pk": 12,
    "fields": {
        "action_time": "2019-09-08T16:03:53.408Z",
        "user": [
            "dia"
        ],
        "content_type": [
            "pages",
            "richtextpage"
        ],
        "object_id": "2",
        "object_repr": "Home",
        "action_flag": 1,
        "change_message": "[{\"added\": {}}]"
    }
},
{
    "model": "admin.logentry",
    "pk": 13,
    "fields": {
        "action_time": "2019-09-08T18:16:25.490Z",
        "user": [
            "dia"
        ],
        "content_type": [
            "pages",
            "richtextpage"
        ],
        "object_id": "3",
        "object_repr": "About",
        "action_flag": 1,
        "change_message": "[{\"added\": {}}]"
    }
},
{
    "model": "admin.logentry",
    "pk": 14,
    "fields": {
        "action_time": "2019-09-14T15:10:39.972Z",
        "user": [
            "dia"
        ],
        "content_type": [
            "forms",
            "form"
        ],
        "object_id": "4",
        "object_repr": "Contact",
        "action_flag": 1,
        "change_message": "[{\"added\": {}}, {\"added\": {\"name\": \"Field\", \"object\": \"Name\"}}, {\"added\": {\"name\": \"Field\", \"object\": \"Email\"}}, {\"added\": {\"name\": \"Field\", \"object\": \"Phone number\"}}, {\"added\": {\"name\": \"Field\", \"object\": \"Message\"}}]"
    }
},
{
    "model": "admin.logentry",
    "pk": 15,
    "fields": {
        "action_time": "2019-09-15T15:11:58.443Z",
        "user": [
            "dia"
        ],
        "content_type": [
            "forms",
            "form"
        ],
        "object_id": "4",
        "object_repr": "Contact",
        "action_flag": 2,
        "change_message": "[{\"changed\": {\"fields\": [\"email_copies\", \"keywords\"]}}]"
    }
},
{
    "model": "admin.logentry",
    "pk": 16,
    "fields": {
        "action_time": "2019-09-15T15:15:41.561Z",
        "user": [
            "dia"
        ],
        "content_type": [
            "forms",
            "form"
        ],
        "object_id": "4",
        "object_repr": "Contact",
        "action_flag": 2,
        "change_message": "[{\"changed\": {\"fields\": [\"keywords\"]}}]"
    }
},
{
    "model": "admin.logentry",
    "pk": 17,
    "fields": {
        "action_time": "2019-09-15T15:25:18.876Z",
        "user": [
            "dia"
        ],
        "content_type": [
            "forms",
            "form"
        ],
        "object_id": "4",
        "object_repr": "Contact",
        "action_flag": 2,
        "change_message": "[{\"changed\": {\"fields\": [\"email_from\", \"keywords\"]}}]"
    }
},
{
    "model": "admin.logentry",
    "pk": 18,
    "fields": {
        "action_time": "2019-09-15T15:34:03.644Z",
        "user": [
            "dia"
        ],
        "content_type": [
            "forms",
            "form"
        ],
        "object_id": "4",
        "object_repr": "Contact",
        "action_flag": 2,
        "change_message": "[{\"changed\": {\"fields\": [\"email_from\", \"email_subject\", \"keywords\"]}}]"
    }
},
{
    "model": "admin.logentry",
    "pk": 19,
    "fields": {
        "action_time": "2019-09-15T15:41:14.345Z",
        "user": [
            "dia"
        ],
        "content_type": [
            "blog",
            "blogpost"
        ],
        "object_id": "4",
        "object_repr": "This i smy post",
        "action_flag": 1,
        "change_message": "[{\"added\": {}}]"
    }
},
{
    "model": "admin.logentry",
    "pk": 20,
    "fields": {
        "action_time": "2019-09-15T15:41:28.081Z",
        "user": [
            "dia"
        ],
        "content_type": [
            "blog",
            "blogpost"
        ],
        "object_id": "5",
        "object_repr": "this is my 4",
        "action_flag": 1,
        "change_message": "[{\"added\": {}}]"
    }
},
{
    "model": "admin.logentry",
    "pk": 21,
    "fields": {
        "action_time": "2019-09-15T15:42:07.740Z",
        "user": [
            "dia"
        ],
        "content_type": [
            "blog",
            "blogpost"
        ],
        "object_id": "6",
        "object_repr": "pist lan",
        "action_flag": 1,
        "change_message": "[{\"added\": {}}]"
    }
},
{
    "model": "admin.logentry",
    "pk": 22,
    "fields": {
        "action_time": "2019-09-15T16:43:38.972Z",
        "user": [
            "dia"
        ],
        "content_type": [
            "blog",
            "blogpost"
        ],
        "object_id": "6",
        "object_repr": "pist lan",
        "action_flag": 2,
        "change_message": "[{\"changed\": {\"fields\": [\"content\", \"keywords\"]}}]"
    }
},
{
    "model": "admin.logentry",
    "pk": 23,
    "fields": {
        "action_time": "2019-09-15T16:51:30.455Z",
        "user": [
            "dia"
        ],
        "content_type": [
            "pages",
            "richtextpage"
        ],
        "object_id": "2",
        "object_repr": "Home",
        "action_flag": 3,
        "change_message": ""
    }
},
{
    "model": "admin.logentry",
    "pk": 24,
    "fields": {
        "action_time": "2019-09-15T17:50:43.069Z",
        "user": [
            "dia"
        ],
        "content_type": [
            "blog",
            "blogpost"
        ],
        "object_id": "6",
        "object_repr": "pist lan",
        "action_flag": 2,
        "change_message": "[{\"changed\": {\"fields\": [\"content\", \"keywords\"]}}]"
    }
},
{
    "model": "admin.logentry",
    "pk": 25,
    "fields": {
        "action_time": "2019-09-15T22:42:19.488Z",
        "user": [
            "dia"
        ],
        "content_type": [
            "blog",
            "blogpost"
        ],
        "object_id": "6",
        "object_repr": "pist lan",
        "action_flag": 2,
        "change_message": "[{\"changed\": {\"fields\": [\"featured_image\", \"content\", \"keywords\"]}}]"
    }
},
{
    "model": "admin.logentry",
    "pk": 26,
    "fields": {
        "action_time": "2019-09-18T01:41:19.595Z",
        "user": [
            "dia"
        ],
        "content_type": [
            "blog",
            "blogpost"
        ],
        "object_id": "5",
        "object_repr": "this is my 4",
        "action_flag": 2,
        "change_message": "[{\"changed\": {\"fields\": [\"content\", \"id\"]}}]"
    }
},
{
    "model": "admin.logentry",
    "pk": 27,
    "fields": {
        "action_time": "2019-09-18T01:43:05.431Z",
        "user": [
            "dia"
        ],
        "content_type": [
            "blog",
            "blogpost"
        ],
        "object_id": "5",
        "object_repr": "this is my 4",
        "action_flag": 2,
        "change_message": "[{\"changed\": {\"fields\": [\"content\", \"id\"]}}]"
    }
},
{
    "model": "admin.logentry",
    "pk": 28,
    "fields": {
        "action_time": "2019-09-18T01:43:29.316Z",
        "user": [
            "dia"
        ],
        "content_type": [
            "blog",
            "blogpost"
        ],
        "object_id": "5",
        "object_repr": "this is my 4",
        "action_flag": 2,
        "change_message": "[{\"changed\": {\"fields\": [\"featured_image\", \"content\", \"keywords\"]}}]"
    }
},
{
    "model": "admin.logentry",
    "pk": 29,
    "fields": {
        "action_time": "2019-09-19T01:15:13.571Z",
        "user": [
            "dia"
        ],
        "content_type": [
            "blog",
            "blogpost"
        ],
        "object_id": "7",
        "object_repr": "Girls",
        "action_flag": 1,
        "change_message": "[{\"added\": {}}]"
    }
},
{
    "model": "admin.logentry",
    "pk": 30,
    "fields": {
        "action_time": "2019-09-19T01:15:51.366Z",
        "user": [
            "dia"
        ],
        "content_type": [
            "blog",
            "blogpost"
        ],
        "object_id": "7",
        "object_repr": "Girls",
        "action_flag": 2,
        "change_message": "[{\"changed\": {\"fields\": [\"featured_image\", \"content\", \"description\", \"keywords\"]}}]"
    }
},
{
    "model": "admin.logentry",
    "pk": 31,
    "fields": {
        "action_time": "2019-09-19T01:23:15.832Z",
        "user": [
            "dia"
        ],
        "content_type": [
            "blog",
            "blogpost"
        ],
        "object_id": "7",
        "object_repr": "Girls",
        "action_flag": 2,
        "change_message": "[{\"changed\": {\"fields\": [\"content\", \"id\"]}}]"
    }
},
{
    "model": "admin.logentry",
    "pk": 32,
    "fields": {
        "action_time": "2019-09-19T01:28:58.497Z",
        "user": [
            "dia"
        ],
        "content_type": [
            "blog",
            "blogpost"
        ],
        "object_id": "7",
        "object_repr": "Girls",
        "action_flag": 2,
        "change_message": "[{\"changed\": {\"fields\": [\"retina\", \"content\", \"description\", \"keywords\"]}}]"
    }
},
{
    "model": "admin.logentry",
    "pk": 33,
    "fields": {
        "action_time": "2019-09-19T01:31:17.947Z",
        "user": [
            "dia"
        ],
        "content_type": [
            "blog",
            "blogpost"
        ],
        "object_id": "7",
        "object_repr": "Girls",
        "action_flag": 2,
        "change_message": "[{\"changed\": {\"fields\": [\"content\", \"description\", \"keywords\"]}}]"
    }
},
{
    "model": "admin.logentry",
    "pk": 34,
    "fields": {
        "action_time": "2019-09-19T01:46:25.005Z",
        "user": [
            "dia"
        ],
        "content_type": [
            "blog",
            "blogpost"
        ],
        "object_id": "7",
        "object_repr": "Nature is great",
        "action_flag": 2,
        "change_message": "[{\"changed\": {\"fields\": [\"title\", \"featured_image\", \"retina\", \"content\", \"description\", \"keywords\"]}}]"
    }
},
{
    "model": "admin.logentry",
    "pk": 35,
    "fields": {
        "action_time": "2019-09-19T01:47:52.050Z",
        "user": [
            "dia"
        ],
        "content_type": [
            "blog",
            "blogpost"
        ],
        "object_id": "7",
        "object_repr": "Nature is great",
        "action_flag": 2,
        "change_message": "[{\"changed\": {\"fields\": [\"featured_image\", \"retina\", \"content\", \"keywords\"]}}]"
    }
},
{
    "model": "admin.logentry",
    "pk": 36,
    "fields": {
        "action_time": "2019-09-21T01:45:26.538Z",
        "user": [
            "dia"
        ],
        "content_type": [
            "generic",
            "threadedcomment"
        ],
        "object_id": "1",
        "object_repr": "Mohamad Dia Abdulkarim: Hello dia. nice looking site...",
        "action_flag": 2,
        "change_message": "[{\"changed\": {\"fields\": [\"id\"]}}]"
    }
},
{
    "model": "admin.logentry",
    "pk": 37,
    "fields": {
        "action_time": "2019-09-21T01:47:24.739Z",
        "user": [
            "dia"
        ],
        "content_type": [
            "generic",
            "threadedcomment"
        ],
        "object_id": "1",
        "object_repr": "Mohamad Dia Abdulkarim: Hello dia. nice looking site...",
        "action_flag": 3,
        "change_message": ""
    }
}
]
